1,"72""|",2a),2,|,a,O|,mm,a,|,|,"70""",a,a,21,70,0|,2m,a,297/20,202,Cry
NO13.511.613518.424-617,317,023.114.141.112,6138128117,,,,,,,,,,,,,,,,,,
P/E,0.060.000.000.000.00,Do,ols,Thats,Ot,ROG,0.00,,,,,,,,,,,,,,
,,,,,,,,,,,,,,,,,,,,,
0.,000.,690.000.000.000.,0015.,4-13.,15.436.633.7-29.,-1.7,36.1-39.,-20.,12.79.76,-7.0,90.,1000.00,,,,,,,,,
%,%,%,%,%,8%,41%,BS,7%,1%,71%,9%,1%,13%77%,0%,%,1%,2%,00%,%,,
,,,,,,,,,,,,,,,,,,,,,
"""20",,,,,,,,,,,,,,,,,,,,,
,,,,,,,,,,,,,,,,,,,,,
Growth,,,,,,,,,,,,,,,,,,,,,
